Transaction_Index,Mined_Block_Number,Sepolia_Tx_Hash,Inclusion_Latency_Seconds,Gas_Used,Effective_Gas_Price_Gwei,Status
1,11640612,954562f534e6e4c41044a03344ce57b0ecdd332d4faec5a30133a6c901e1120b,12.72,160000,1.36,1 (Success)
2,11640613,5850eac28b2fb60ae6e19e0260a00fe8b78fe5c6965ce1c6c5921b316a87cef6,8.35,160000,1.25,1 (Success)
3,11640614,a23de3b5120f6f02bb204b8c7a5a7215107775cedd33bebad8e612eac12c6881,9.71,160000,1.41,1 (Success)
4,11640615,4fe4183f33d42b0e6b8471599bf13e56b74e5b40d619db379b9a8486b1892237,8.88,160000,1.36,1 (Success)
5,11640616,7260169e99f289d68e49b1b25133c7562e46723269b3b9fdd88b191e3a4ba7a6,20.12,160000,1.24,1 (Success)
6,11640617,a55a826390d52f926dd0be090a29114949249e4f3cebe2b591e6928c6459b41f,9.25,160000,1.4,1 (Success)
7,11640618,3e3fafdb3c95e33011430a769c59bca433354552010fae95ae43a9cac4c293c4,9.2,160000,1.39,1 (Success)
8,11640619,634238af39da16adfaab7964fb3d4e79c5cd9a5e26411235bc535ed15ff851ea,9.11,160000,1.32,1 (Success)
9,11640620,45495083fa8bc4884a381354eb536b3a94160ea2e713a0617af8a2ae8c963933,9.4,160000,1.25,1 (Success)
10,11640621,4c0d455a840f8ea17bfd735626f50dd9c88ee4e5ba1aeccb0602871b24c89b41,8.37,160000,1.4,1 (Success)
11,11640622,93d462d46ff2a9cf453b8df9882504028355a00a1340f387cc313f628ec96594,9.47,160000,1.32,1 (Success)
12,11640623,8446eb7318b506543d6fa3e60dbe5433474c2231a5606c61b428f067d0f21c3a,21.08,160000,1.23,1 (Success)
13,11640624,4c0f0b9d64287d773bf4dbc5d11866fb38564b1163c8ecf5e89ea541e7c30de0,8.11,160000,1.38,1 (Success)
14,11640625,27a393ad8b2108cac973130cb596a9766e77c6b2fa5628427a3140d7c040c516,9.83,160000,1.38,1 (Success)
15,11640626,7463d879b372250e915e6cda1d11c024421923d380cee89c2617f8d911401f9d,9.03,160000,1.34,1 (Success)
16,11640627,0e8cee061413c0f9e0ce8fba6d72bc917ba38f2946fdb5acfeef6dfd9d7a2699,8.5,160000,1.28,1 (Success)
17,11640628,2a726979706a764a2909b136ba9821b871bedc21d7a58215cc113dbf9da408aa,9.63,160000,1.2,1 (Success)
18,11640629,623d134cf99a10fb67adaaf25376d2e3373afd4ece4340be5d64e8b10cc29da8,8.8,160000,1.35,1 (Success)
19,11640630,87b37973458d3dd724b9573bcb123ef4eb35ba2584a37062022951c0246b83bb,9.14,160000,1.29,1 (Success)
20,11640631,7bbe068073cdbc840dfa5df4cd17f483564c113fbaeb04fac167a258798b4000,7.82,160000,1.19,1 (Success)
21,11640632,3125141b93f35db942d8e9071b8c387bd956998f0a8d6c1a99155635a3191498,21.23,160000,1.34,1 (Success)
22,11640633,563eb978316f58d93bc03cece86553ccb9722b80d1ef47f842aa92079c5c3d8c,20.94,160000,1.28,1 (Success)
23,11640634,ad3690a83fcaddeda96f664d164cd3e82a39630822cbe99dc4692db17783bed4,8.92,160000,1.25,1 (Success)
24,11640635,039e19c7c2c407770be9a2eca75be4444a2cf7ad5849af6acff1b46c0397e77f,10.11,160000,1.2,1 (Success)
25,11640636,4088379eab41f5dabfd79d707d2492148ba89f06588849f56e5facc6994cdaf6,8.83,160000,1.35,1 (Success)
26,11640637,b64e2fa73d378933f2d23c306fecf570d99d91830c4e1fbf384459697a1b9c45,8.25,160000,1.31,1 (Success)
27,11640638,998671e8f9a0f4f922c9dd387dba5f9600a241f69ac4bf5015cdc18ae052ae68,10.1,160000,1.23,1 (Success)
28,11640639,abbd38a0bb6873a2c24d03ca8943fec06ae1edc459a80a19dbd763106e489b54,7.94,160000,1.39,1 (Success)
29,11640640,5bbe8cd2f9e8e36753fa4a47f4c38944341ddf979ddf9cb7b9dd7e2e1934d839,9.99,160000,1.34,1 (Success)
30,11640642,a696c118aac45e268f96dba69cf47292453b247da2d8caa4f3692270cbb137fd,20.74,160000,1.28,1 (Success)
31,11640643,d235e5e8eda474f642957000640f3a2afcbc75234fdaa87e6e13119ba049c207,9.3,160000,1.35,1 (Success)
32,11640644,0f87bc51916d9d2edab3afaf926ec7eb634430aefd039881b11c91e6b6f85b6f,8.74,160000,1.33,1 (Success)
33,11640645,c160b47ca1186fdfacc3b7b12610e2c31d2371fe54cc558f7c466d421b596367,8.14,160000,1.25,1 (Success)
34,11640646,df1404efa12a23087137c165005cee370c248d938ac7706db01a0da46414e169,10.01,160000,1.4,1 (Success)
35,11640647,005e2ca4cc23679aa1700923f78e542ba06a33d416e2c1efc2f3e2a792b0579e,7.87,160000,1.29,1 (Success)
36,11640648,fe5b61760273f803424f7cd510ef6a37a670689441863e96ca9b15aa449341fd,9.85,160000,1.19,1 (Success)
37,11640649,9920cae7203539c73d4ae7be27dcbed4ee6e4b27c084402655cc53720f1d2edd,8.4,160000,1.34,1 (Success)
38,11640650,bd6700888fd9d98f22f0eb4beb2657c99312deb04864ca8670184ae41013c613,9.0,160000,1.28,1 (Success)
39,11640651,3d389d949d5015e32b98c89bdc683e5b0a93787df0c95a2bd127f27d5c7cdf5b,8.84,160000,1.2,1 (Success)
40,11640652,c0212b0d7c69dd0d04398e277a7c5cae7aee77be5524a8d7d1cb9c90685ef68a,9.05,160000,1.35,1 (Success)
41,11640653,8a0aef923a621fb04103a5c12e56b4101299081961335b348587e3cb08658338,9.95,160000,1.32,1 (Success)
42,11640654,1d6167afb234352545ee82456b603e3b04616be68171329dd98277f3dc3513ae,8.34,160000,1.25,1 (Success)
43,11640655,17f433cd2e99f25a03dbeba59037aa67aa4cbf2ae0b6be514d586fc47726f92d,8.55,160000,1.4,1 (Success)
44,11640656,ee30292d83cdedb86bbd685452ed78e6623e0b91116e466bc9feeafe97bdeb35,9.4,160000,1.34,1 (Success)
45,11640657,259fbf2d1ce8961c36a4fa0933df0102b192454af939ab2f2269cee1213a877e,9.87,160000,1.26,1 (Success)
46,11640658,47840344ef42ef80334e1622f6c38b5e1565ba606154699b432920efad77092d,7.98,160000,1.17,1 (Success)
47,11640659,c21946e172d7ace69fa461ff7b5720baeb34f313d6ec539adcdebe39f7781f2c,10.03,160000,1.31,1 (Success)
48,11640660,c6d1b8ce242188076161b10afae837e85d4e48cb12162e13cbf23b102168d3f1,8.01,160000,1.26,1 (Success)
49,11640661,ad18f44acfc3a493c967c3be1c807a65d1e948de62263e1162d5f2004d401496,11.04,160000,1.21,1 (Success)
50,11640662,b3bcacf9a94344e43fc14df2e5d91430762dec5c20f2747e96420e0de6b770e0,7.67,160000,1.36,1 (Success)
